Company_ID,Date,Sponsor,Govt,Institute,Foreign,Public
AAMRANET,30/06/2022,33.04,0.00,28.73,0.00,38.23
AAMRATECH,30/06/2022,30.01,0.00,27.96,0.00,42.03
ABB1STMF,30/06/2022,15.51,0.00,21.56,0.00,62.93
ABBANK,31/12/2021,31.67,0.57,23.49,0.88,43.39
ACFL,30/06/2022,65.06,0.00,10.66,0.11,24.17
ACI,30/06/2022,35.28,0.00,40.75,0.00,23.97
ACIFORMULA,30/06/2022,66.02,0.00,17.96,0.00,16.02
ACMELAB,30/06/2022,39.83,0.00,31.05,0.13,28.99
ACMEPL,30/06/2022,31.80,0.00,27.23,0.01,40.96
ACTIVEFINE,30/06/2022,12.04,0.00,25.13,3.11,59.72
ADNTEL,30/06/2022,51.56,0.00,16.57,1.99,29.88
ADVENT,30/06/2022,30.02,0.00,23.55,0.00,46.43
AFCAGRO,30/06/2022,30.29,0.00,36.51,0.00,33.20
AFTABAUTO,30/06/2022,30.00,0.00,36.73,0.00,33.27
AGNISYSL,30/06/2022,32.76,0.00,10.91,0.00,56.33
AGRANINS,31/12/2021,30.15,0.00,14.12,0.00,55.73
AIBL1STIMF,31/03/2022,10.00,0.00,52.60,0.00,37.40
AIBLPBOND,31/12/2020,0.00,0.00,0.00,0.00,0.00
AIL,30/06/2022,33.35,0.00,11.22,0.00,55.43
AL-HAJTEX,30/06/2022,25.63,0.01,19.96,0.00,54.40
ALARABANK,31/12/2021,41.87,0.00,29.35,0.52,28.26
ALIF,30/06/2022,30.46,0.00,7.80,0.00,61.74
ALLTEX,30/06/2022,40.74,0.00,11.64,0.00,47.62
AMANFEED,30/06/2022,63.26,0.00,10.33,0.05,26.36
AMBEEPHA,30/06/2022,75.25,0.00,9.63,0.00,13.12
AMCL(PRAN),30/06/2022,40.15,0.00,16.24,0.00,43.61
ANLIMAYARN,30/06/2022,44.43,0.00,5.02,0.00,50.55
ANWARGALV,30/06/2022,35.32,0.00,22.55,0.00,42.13
AOL,30/06/2022,30.65,0.00,23.96,0.13,45.26
APEXFOODS,30/06/2022,36.06,0.00,4.26,0.00,59.68
APEXFOOT,30/06/2022,31.75,0.00,24.26,0.00,43.99
APEXSPINN,30/06/2022,52.98,0.00,13.14,0.25,33.63
APEXTANRY,30/06/2022,30.40,0.00,30.00,0.00,39.60
APOLOISPAT,30/06/2018,21.19,0.00,23.60,0.69,54.52
APSCLBOND,30/06/2019,0.00,0.00,0.00,0.00,0.00
ARAMIT,30/06/2022,45.92,0.00,10.45,0.00,43.63
ARAMITCEM,30/06/2022,45.92,0.00,10.45,0.00,43.63
ARGONDENIM,30/06/2022,36.08,0.00,33.71,0.00,30.21
ASIAINS,31/12/2021,47.63,0.00,26.67,0.00,25.70
ASIAPACINS,31/12/2021,37.66,0.00,25.38,0.00,36.96
ATCSLGF,30/06/2022,3.24,0.00,32.55,0.17,64.04
More...,31/01/1970,0.00,0.00,0.00,0.00,0.00
ATLASBANG,30/06/2022,0.00,51.00,16.60,0.00,32.40
AZIZPIPES,30/06/2022,23.93,0.00,10.49,0.00,65.58
BANGAS,30/06/2022,31.00,0.00,5.88,0.00,63.13
BANKASIA,31/12/2022,53.36,0.00,35.72,0.21,10.71
BARKAPOWER,30/06/2022,31.87,0.00,27.51,0.00,40.62
BATASHOE,31/12/2021,70.00,0.00,20.52,1.58,7.90
BATBC,31/12/2022,72.91,0.64,12.76,6.39,7.30
BAYLEASING,31/12/2021,30.07,0.00,21.71,0.15,48.07
BBS,30/06/2022,30.01,0.00,33.22,0.30,36.47
BBSCABLES,30/06/2022,30.98,0.00,21.92,0.52,46.58
BDAUTOCA,30/06/2022,30.06,0.00,11.68,0.00,58.26
BDCOM,30/06/2022,30.00,0.00,4.96,0.00,65.04
BDFINANCE,31/12/2022,31.20,0.00,12.28,0.00,56.52
BDLAMPS,30/06/2022,61.88,0.00,8.96,0.03,29.14
BDSERVICE,30/06/2022,0.00,99.68,0.00,0.19,0.13
BDTHAI,30/06/2022,30.32,0.00,10.27,0.79,58.62
BDTHAIFOOD,30/06/2022,49.19,0.00,22.82,0.00,27.99
BDWELDING,30/06/2019,31.01,0.00,2.88,0.72,65.39
BEACHHATCH,30/06/2022,34.97,0.00,15.23,0.00,49.80
BEACONPHAR,30/06/2022,30.00,0.00,34.05,0.00,35.95
BENGALWTL,30/06/2021,53.23,0.00,29.84,0.05,16.88
BERGERPBL,31/03/2022,95.00,0.00,3.73,0.13,1.14
BEXGSUKUK,31/12/2020,0.00,0.00,0.00,0.00,0.00
BEXIMCO,30/06/2022,33.94,0.00,28.80,0.76,36.50
BGIC,31/12/2021,38.27,0.00,26.33,0.00,35.40
BIFC,31/12/2020,34.73,0.00,47.73,0.00,17.54
BNICL,31/12/2021,60.13,0.00,17.50,0.09,22.28
BPML,30/06/2022,70.86,0.00,6.42,0.00,22.72
BPPL,30/06/2022,38.15,0.00,7.17,0.00,54.68
BRACBANK,31/12/2022,46.24,0.00,13.14,33.64,6.98
BSC,30/06/2022,0.00,52.10,24.30,0.00,23.60
BSCCL,30/06/2022,0.01,73.84,16.59,2.72,6.85
BSRMLTD,30/06/2022,47.12,0.00,14.47,17.49,20.92
BSRMSTEEL,30/06/2022,72.09,0.00,17.27,0.39,10.25
BXPHARMA,30/06/2022,30.14,0.00,21.82,28.61,19.43
BXSYNTH,30/06/2021,35.67,0.00,24.09,0.02,40.22
CAPMBDBLMF,30/06/2022,19.95,0.00,25.13,0.00,54.92
CAPMIBBLMF,30/06/2022,66.56,0.00,1.55,0.00,31.89
CBLPBOND,31/12/2021,0.00,0.00,0.00,0.00,0.00
CENTRALINS,31/12/2022,33.98,1.32,15.46,0.00,49.24
CENTRALPHL,30/06/2022,25.89,0.00,11.01,0.00,63.10
CITYBANK,31/12/2021,32.70,0.00,22.73,3.57,41.00
CITYGENINS,31/12/2022,36.06,0.00,11.75,0.12,52.07
CLICL,31/12/2021,60.00,0.00,8.50,0.00,31.50
CNATEX,30/06/2016,30.29,0.00,15.04,0.00,54.67
CONFIDCEM,30/06/2022,30.03,0.00,35.59,0.00,34.38
CONTININS,31/12/2021,32.25,0.00,7.61,0.00,60.14
COPPERTECH,30/06/2022,30.07,0.00,20.87,0.00,49.06
CROWNCEMNT,30/06/2022,67.08,0.00,17.66,0.10,15.16
CRYSTALINS,31/12/2021,60.00,0.00,5.13,0.02,34.85
CVOPRL,30/06/2022,45.31,0.00,16.03,0.25,38.41
DACCADYE,30/06/2022,30.10,0.00,17.41,0.48,52.01
DAFODILCOM,30/06/2022,41.39,0.00,25.47,0.17,32.97
DBH,31/12/2022,51.32,0.00,18.82,18.23,11.63
DBH1STMF,30/06/2022,16.67,0.00,32.92,5.48,44.93
DBLPBOND,31/12/2022,0.00,0.00,0.00,0.00,0.00
DEBARACEM,30/06/2001,0.00,0.00,0.00,0.00,0.00
DEBBDLUGG,30/06/2001,0.00,0.00,0.00,0.00,0.00
DEBBDWELD,30/06/2001,0.00,0.00,0.00,0.00,0.00
DEBBDZIPP,30/06/2001,0.00,0.00,0.00,0.00,0.00
DEBBXDENIM,30/06/2001,0.00,0.00,0.00,0.00,0.00
DEBBXFISH,30/06/2001,0.00,0.00,0.00,0.00,0.00
DEBBXKNI,30/06/2001,0.00,0.00,0.00,0.00,0.00
DEBBXTEX,30/06/2001,0.00,0.00,0.00,0.00,0.00
DELTALIFE,31/12/2018,42.05,0.00,22.56,0.00,35.39
DELTASPINN,30/06/2017,19.00,0.00,14.00,0.00,67.00
DESCO,30/06/2022,0.00,67.66,23.52,0.06,8.76
DESHBANDHU,30/06/2022,33.54,0.00,6.47,0.00,59.99
DGIC,31/12/2021,60.00,0.00,5.01,0.00,34.99
DHAKABANK,31/12/2021,41.12,0.00,13.87,0.00,45.01
DHAKAINS,31/12/2021,61.35,0.00,4.85,0.13,33.67
DOMINAGE,30/06/2022,30.20,0.00,19.47,0.00,50.33
DOREENPWR,30/06/2022,66.61,0.00,20.45,0.00,12.94
DSHGARME,30/06/2022,54.99,0.00,4.68,0.00,40.33
DSSL,30/06/2022,32.17,0.00,14.86,0.00,52.97
DULAMIACOT,30/06/2022,33.01,0.00,4.20,0.00,62.79
DUTCHBANGL,31/12/2021,84.99,0.00,4.98,0.01,10.02
EASTERNINS,31/12/2021,47.61,0.00,19.15,0.00,33.24
EASTLAND,31/12/2021,41.11,0.00,19.68,0.00,39.21
EASTRNLUB,30/06/2022,15.04,51.00,6.85,0.00,27.11
EBL,31/12/2022,30.67,0.00,47.97,0.54,20.82
EBL1STMF,30/06/2022,1.38,0.00,63.65,0.00,34.97
EBLNRBMF,30/06/2022,8.89,0.00,40.49,0.00,50.62
ECABLES,30/06/2022,14.12,51.00,18.32,0.00,16.56
EGEN,30/06/2022,37.77,0.00,30.37,0.45,31.41
EHL,30/06/2022,50.36,0.00,26.92,1.82,20.90
EIL,31/12/2021,60.00,0.00,4.02,0.00,35.98
EMERALDOIL,30/06/2016,30.45,0.00,7.94,0.00,61.61
ENVOYTEX,30/06/2021,45.58,0.00,44.58,0.06,9.78
EPGL,30/06/2022,54.13,0.00,16.46,0.00,29.41
ESQUIRENIT,30/06/2022,46.95,0.00,39.16,0.00,13.89
ETL,30/06/2022,36.67,0.00,20.67,0.00,42.66
EXIM1STMF,30/06/2022,21.97,0.00,27.12,0.00,50.91
EXIMBANK,31/12/2021,37.69,0.00,27.64,1.29,33.38
FAMILYTEX,30/06/2020,4.02,0.00,18.41,0.00,77.57
FARCHEM,30/06/2022,30.24,0.00,13.82,0.00,55.94
FAREASTFIN,31/12/2020,41.88,0.00,11.94,0.08,46.10
FAREASTLIF,31/12/2020,30.55,0.00,41.19,0.81,27.45
FASFIN,31/12/2021,13.20,0.00,9.70,0.00,77.10
FBFIF,30/06/2022,53.97,0.00,20.54,0.00,25.49
FEDERALINS,31/12/2021,38.26,0.00,1.42,0.00,60.32
FEKDIL,30/06/2022,67.20,0.00,8.74,0.00,24.06
FINEFOODS,30/06/2022,9.08,0.00,6.41,0.00,84.51
FIRSTFIN,31/12/2021,41.31,0.00,19.42,0.00,39.27
FIRSTSBANK,31/12/2021,33.34,0.00,18.34,1.87,46.45
FORTUNE,30/06/2022,30.93,0.00,25.54,0.00,43.53
FUWANGCER,30/06/2022,27.83,0.00,7.25,0.40,64.52
FUWANGFOOD,30/06/2022,7.85,0.00,6.04,0.38,85.73
GBBPOWER,30/06/2022,32.01,0.00,19.71,0.00,48.28
GEMINISEA,30/06/2022,33.65,0.00,9.42,0.34,56.59
GENEXIL,30/06/2022,31.68,0.00,24.08,0.06,44.18
GENNEXT,30/06/2022,13.82,0.00,23.55,0.00,62.63
GHAIL,30/06/2022,32.89,0.00,37.43,0.09,29.59
GHCL,30/06/2022,68.60,0.00,18.90,0.00,12.50
GIB,31/12/2021,45.50,0.00,31.80,0.00,22.70
GLDNJMF,31/12/2022,70.00,0.00,28.43,0.00,1.57
GLOBALINS,31/12/2021,35.67,0.00,9.25,0.00,55.08
GOLDENSON,30/06/2021,38.98,0.00,16.53,0.00,44.49
GP,31/12/2022,90.00,0.00,5.54,2.13,2.33
GPHISPAT,30/06/2022,49.61,0.00,18.40,0.00,31.99
GQBALLPEN,30/06/2022,41.88,0.00,1.47,0.05,56.60
GRAMEENS2,30/06/2022,20.52,0.00,51.21,0.00,28.27
GREENDELMF,30/06/2022,8.33,0.00,44.92,3.52,43.23
GREENDELT,31/12/2022,30.51,0.00,21.77,4.60,43.12
GSPFINANCE,31/12/2021,35.50,0.00,11.12,0.00,53.38
HAKKANIPUL,30/06/2022,46.26,0.00,4.53,0.00,49.21
HEIDELBCEM,31/12/2021,60.67,0.00,28.44,0.59,10.30
HFL,30/06/2022,51.38,0.00,25.16,0.00,23.46
HRTEX,30/06/2022,50.63,0.00,6.06,0.00,43.31
HWAWELLTEX,30/06/2022,50.83,0.00,10.58,0.06,38.53
IBBL2PBOND,31/12/2020,0.00,0.00,0.00,0.00,0.00
IBBLPBOND,31/12/2019,6.71,0.00,78.61,0.49,14.20
IBNSINA,30/06/2022,44.67,0.00,24.07,0.00,31.26
IBP,30/06/2022,41.12,0.00,10.32,0.01,48.55
ICB,30/06/2022,69.50,27.00,1.90,0.00,1.60
ICB3RDNRB,30/06/2022,10.03,0.00,49.62,6.78,33.57
ICBAGRANI1,30/06/2022,50.94,0.00,40.22,0.00,8.84
ICBAMCL2ND,30/06/2022,0.00,0.00,56.16,0.00,43.84
ICBEPMF1S1,30/06/2022,10.00,0.00,40.32,0.00,49.68
ICBIBANK,31/12/2021,52.76,0.17,22.34,0.00,24.73
ICBSONALI1,30/06/2022,25.00,0.00,64.63,0.00,10.37
ICICL,31/12/2021,41.98,0.00,8.50,0.00,49.52
IDLC,31/12/2022,56.66,0.00,27.82,1.16,14.36
IFADAUTOS,30/06/2022,54.87,0.00,27.88,0.08,17.17
IFIC,31/12/2021,6.14,32.75,20.05,1.07,39.99
IFIC1STMF,30/06/2022,20.83,0.00,18.44,0.00,60.73
IFILISLMF1,30/06/2022,1.00,0.00,63.25,7.63,28.12
ILFSL,31/12/2020,41.54,0.00,28.92,0.07,29.47
IMAMBUTTON,30/06/2018,31.53,0.00,9.01,0.00,59.46
INDEXAGRO,30/06/2022,57.77,0.00,22.55,0.00,19.68
INTECH,30/06/2020,3.97,0.00,9.48,0.00,86.55
INTRACO,30/06/2022,30.66,0.00,9.55,0.00,59.79
IPDC,31/12/2022,48.03,21.88,11.42,0.07,18.60
ISLAMIBANK,31/12/2021,51.32,0.00,15.42,20.19,13.07
ISLAMICFIN,31/12/2021,31.18,0.00,17.80,0.00,51.02
ISLAMIINS,31/12/2021,39.49,0.00,8.52,0.00,51.99
ISNLTD,30/06/2022,21.62,0.00,19.41,0.00,58.97
ITC,30/06/2022,51.09,0.00,20.95,0.01,27.95
JAMUNABANK,31/12/2021,48.55,0.00,7.86,0.57,43.02
JAMUNAOIL,30/06/2022,2.90,60.08,28.37,0.28,8.37
JANATAINS,31/12/2021,39.05,0.00,5.36,0.00,55.59
JHRML,30/06/2022,32.32,0.00,37.42,0.00,30.26
JMISMDL,30/06/2022,79.65,0.00,5.60,0.00,14.75
JUTESPINN,30/06/2016,39.82,0.00,24.25,0.00,35.93
KARNAPHULI,31/12/2021,30.85,0.00,2.48,0.00,66.67
KAY&QUE,30/06/2022,31.77,0.00,8.74,0.00,59.49
KBPPWBIL,30/06/2022,30.13,0.00,27.63,0.00,42.24
KDSALTD,30/06/2022,70.06,0.00,7.58,0.00,22.36
KEYACOSMET,30/06/2020,46.27,0.00,9.25,0.00,44.48
KOHINOOR,30/06/2022,50.57,0.00,13.55,0.00,35.88
KPCL,30/06/2022,69.99,0.00,8.96,0.18,20.87
KPPL,30/06/2022,39.76,0.00,2.81,0.00,57.43
KTL,30/06/2021,30.32,0.00,21.62,0.12,47.94
LANKABAFIN,31/12/2021,33.56,0.00,20.96,0.86,44.62
LEGACYFOOT,30/06/2022,30.00,0.00,10.99,0.00,59.01
LHBL,31/12/2022,64.15,0.00,17.04,0.78,18.03
LIBRAINFU,30/06/2020,34.43,0.00,6.30,0.00,59.27
LINDEBD,31/12/2022,60.00,0.00,28.80,0.00,11.20
LOVELLO,30/06/2022,44.65,0.00,20.00,0.00,35.35
LRBDL,30/06/2022,35.70,0.00,23.75,0.06,40.50
LRGLOBMF1,30/09/2022,13.57,0.00,58.27,6.49,21.67
MAKSONSPIN,30/06/2022,30.00,0.00,13.31,0.00,56.69
MALEKSPIN,30/06/2022,47.34,0.00,11.96,0.00,40.70
MARICO,31/03/2022,90.00,0.00,6.07,2.33,1.60
MATINSPINN,30/06/2022,32.72,0.00,42.52,0.00,24.76
MBL1STMF,31/03/2022,10.00,0.00,50.69,0.00,39.31
MEGCONMILK,30/06/2022,50.00,0.00,0.00,0.00,50.00
MEGHNACEM,30/06/2022,49.76,0.00,33.46,0.00,16.78
MEGHNAINS,31/12/2021,30.28,0.00,25.15,0.00,44.57
MEGHNALIFE,31/12/2021,30.54,0.00,21.39,0.00,48.07
MEGHNAPET,30/06/2022,50.00,0.00,0.00,0.00,50.00
MERCANBANK,31/12/2021,36.55,0.00,22.42,4.06,36.97
MERCINS,31/12/2021,33.52,0.00,29.08,0.00,37.40
METROSPIN,30/06/2022,30.09,0.00,20.08,0.00,49.83
MHSML,30/06/2022,39.61,0.00,22.04,0.09,38.26
MIDASFIN,31/12/2021,41.36,0.00,26.41,0.42,31.82
MIDLANDBNK,31/12/2021,78.63,0.00,3.20,0.00,18.17
MIRACLEIND,30/06/2020,30.00,0.00,0.00,0.00,70.00
MIRAKHTER,30/06/2022,48.58,0.00,4.34,0.00,47.08
MITHUNKNIT,30/06/2022,17.20,0.00,17.01,0.00,65.79
MJLBD,30/06/2022,71.52,0.00,21.23,0.15,7.10
MLDYEING,30/06/2022,30.57,0.00,17.24,0.00,52.19
MONNOAGML,30/06/2022,35.66,0.00,4.16,0.09,60.09
MONNOCERA,30/06/2022,48.30,0.00,12.24,0.06,39.40
MONNOFABR,30/06/2022,40.68,0.00,13.30,1.40,44.62
MONOSPOOL,30/06/2022,51.96,0.00,0.35,0.00,47.69
MPETROLEUM,30/06/2022,0.00,58.67,33.59,0.08,7.66
MTB,31/12/2021,42.33,0.00,22.84,0.16,34.67
NAHEEACP,30/06/2022,39.58,0.00,13.25,0.00,47.17
NATLIFEINS,31/12/2021,53.18,0.00,19.45,0.18,27.19
NAVANACNG,30/06/2022,42.49,0.00,27.22,0.00,30.29
NAVANAPHAR,30/06/2021,35.49,0.00,28.53,10.29,25.69
NBL,31/12/2021,28.48,0.00,23.43,0.86,47.23
NCCBANK,31/12/2021,37.40,0.00,21.98,0.50,40.12
NCCBLMF1,31/12/2022,15.00,0.00,67.46,0.00,17.54
NEWLINE,30/06/2021,30.82,0.00,26.98,0.00,42.20
NFML,30/06/2022,30.40,0.00,7.31,0.01,62.28
NHFIL,31/12/2021,52.88,9.34,12.51,0.00,25.27
NITOLINS,31/12/2021,35.00,0.00,9.32,0.00,55.68
NORTHERN,30/06/2020,15.09,0.00,0.00,0.00,84.91
NORTHRNINS,31/12/2021,31.55,0.00,18.43,0.00,50.02
NPOLYMER,30/06/2022,34.66,0.00,13.98,0.00,51.36
NRBCBANK,31/12/2021,73.32,0.00,2.70,0.00,23.98
NTC,30/06/2022,48.60,4.33,8.55,0.00,38.52
NTLTUBES,30/06/2022,0.05,51.00,6.54,0.00,42.41
NURANI,30/06/2020,30.93,0.00,16.81,0.00,52.26
OAL,30/06/2022,44.43,0.00,5.02,0.00,50.55
OIMEX,30/06/2022,30.01,0.00,28.62,0.00,41.37
OLYMPIC,30/06/2022,37.34,0.00,20.09,25.66,16.91
ONEBANKLTD,31/12/2021,32.06,0.00,21.69,0.22,46.03
ORIONINFU,30/06/2022,40.61,0.00,16.76,0.19,42.44
ORIONPHARM,30/06/2022,31.98,0.00,28.65,1.16,38.21
PADMALIFE,31/12/2021,34.79,0.00,20.63,0.00,44.58
PADMAOIL,30/06/2022,2.06,50.35,32.82,0.86,13.91
PAPERPROC,30/06/2022,42.03,0.00,0.54,0.00,57.43
PARAMOUNT,31/12/2021,48.48,0.00,8.52,0.03,42.97
PBLPBOND,31/12/2020,0.00,0.00,0.00,0.00,0.00
PDL,30/06/2022,30.12,0.00,12.64,0.00,57.24
PENINSULA,30/06/2022,49.83,0.00,14.66,0.16,35.35
PEOPLESINS,31/12/2021,30.41,0.00,20.41,0.00,49.18
PF1STMF,30/06/2022,33.33,0.00,13.35,0.01,53.31
PHARMAID,30/06/2022,24.22,0.00,14.95,0.00,60.83
PHENIXINS,31/12/2022,36.02,0.00,7.76,0.00,56.22
PHOENIXFIN,31/12/2021,32.60,0.00,27.00,0.00,40.40
PHPMF1,30/06/2022,10.26,0.00,42.40,0.00,47.34
PIONEERINS,31/12/2022,45.62,0.00,24.70,0.00,29.68
PLFSL,31/12/2017,29.88,0.00,10.66,1.02,58.44
POPULAR1MF,30/06/2022,10.00,0.00,27.30,0.00,62.70
POPULARLIF,31/12/2021,30.01,0.00,10.53,0.00,59.46
POWERGRID,30/06/2022,75.00,0.00,15.77,0.19,9.04
PRAGATIINS,31/12/2021,42.07,0.00,20.94,0.00,36.99
PRAGATILIF,31/12/2021,38.37,0.00,30.70,0.00,30.93
PREBPBOND,31/12/2021,0.00,0.00,0.00,0.00,0.00
PREMIERBAN,31/12/2021,34.97,0.00,17.88,1.95,45.20
PREMIERCEM,30/06/2022,47.15,0.00,20.84,0.03,31.98
PREMIERLEA,31/12/2021,30.00,0.00,24.62,0.00,45.38
PRIME1ICBA,30/06/2022,20.00,0.00,58.85,1.95,19.20
PRIMEBANK,31/12/2022,39.21,0.00,38.09,0.50,22.20
PRIMEFIN,31/12/2020,59.14,0.00,12.28,0.01,28.57
PRIMEINSUR,31/12/2021,30.45,0.00,19.24,0.00,50.31
PRIMELIFE,31/12/2021,36.08,0.00,39.70,0.09,24.13
PRIMETEX,30/06/2022,50.00,0.00,13.98,0.25,35.77
PROGRESLIF,31/12/2019,39.49,0.00,18.51,0.00,42.00
PROVATIINS,31/12/2021,30.03,0.00,23.48,0.00,46.49
PTL,30/06/2022,60.95,0.00,9.26,4.10,25.69
PUBALIBANK,31/12/2021,31.50,0.00,26.79,0.22,41.49
PURABIGEN,31/12/2021,31.57,0.00,9.54,0.00,58.89
QUASEMIND,30/06/2022,30.00,0.00,16.96,0.00,53.04
QUEENSOUTH,30/06/2022,53.23,0.00,14.53,1.57,30.67
RAHIMAFOOD,30/06/2022,37.38,0.00,13.19,4.99,44.44
RAHIMTEXT,30/06/2022,70.94,0.00,5.98,0.00,23.08
RAKCERAMIC,31/12/2022,72.08,0.00,16.28,0.00,11.64
RANFOUNDRY,30/06/2022,49.89,0.00,16.62,0.00,33.49
RDFOOD,30/06/2022,36.19,0.00,19.66,0.00,44.15
RECKITTBEN,31/12/2022,82.96,3.77,4.49,2.82,5.96
REGENTTEX,30/06/2021,54.55,0.00,6.00,0.00,39.45
RELIANCE1,30/06/2022,20.00,0.00,35.47,0.00,44.53
RELIANCINS,31/12/2022,64.24,0.00,1.71,0.00,34.05
RENATA,30/06/2022,51.29,0.00,19.39,22.91,6.41
RENWICKJA,30/06/2022,0.00,51.00,21.43,0.00,27.57
REPUBLIC,31/12/2021,31.67,0.00,17.74,0.00,50.59
RINGSHINE,30/06/2019,0.00,0.00,0.00,0.00,0.00
RNSPIN,30/06/2022,30.00,0.00,11.03,0.04,58.93
ROBI,31/12/2022,90.00,0.00,1.66,0.00,8.34
RSRMSTEEL,30/06/2021,47.03,0.00,18.52,0.00,34.45
RUNNERAUTO,30/06/2022,41.23,0.00,35.56,0.00,23.21
RUPALIBANK,31/12/2021,0.00,90.19,4.38,0.00,5.43
RUPALIINS,31/12/2021,46.25,0.00,10.78,0.00,42.97
RUPALILIFE,31/12/2021,32.07,0.00,9.63,0.00,58.30
SAFKOSPINN,30/06/2022,30.00,0.00,13.71,0.00,56.29
SAIFPOWER,30/06/2022,40.06,0.00,17.90,0.00,42.04
SAIHAMCOT,30/06/2022,42.40,0.00,14.09,0.00,43.51
SAIHAMTEX,30/06/2022,33.70,0.00,21.04,0.00,45.26
SALAMCRST,30/06/2022,53.07,0.00,30.25,0.00,16.68
SALVOCHEM,30/06/2022,25.18,0.00,13.06,0.00,61.76
SAMATALETH,30/06/2022,33.88,0.00,4.24,0.00,61.88
SAMORITA,30/06/2022,45.64,0.00,6.30,0.01,48.05
SANDHANINS,31/12/2021,31.45,0.00,10.33,0.00,58.22
SAPORTL,30/06/2022,59.00,0.00,13.82,3.85,23.33
SAVAREFR,30/06/2022,50.68,0.00,7.18,0.00,42.14
SBACBANK,31/12/2021,73.48,0.00,11.64,0.00,14.88
SEAPEARL,30/06/2022,46.83,0.00,26.64,0.00,26.53
SEMLFBSLGF,30/06/2022,14.39,0.00,22.18,0.00,63.43
SEMLIBBLSF,30/06/2022,50.00,0.00,25.41,0.00,24.59
SEMLLECMF,30/06/2022,10.00,0.00,11.36,0.00,78.64
SHAHJABANK,31/12/2022,48.22,0.00,14.76,0.15,36.87
SHASHADNIM,30/06/2022,37.56,0.00,21.13,0.17,41.14
SHEPHERD,30/06/2022,51.48,0.00,23.29,9.44,15.79
SHURWID,30/06/2019,9.99,0.00,22.80,0.00,67.21
SHYAMPSUG,30/06/2022,0.00,51.00,2.43,0.00,46.57
SIBL,31/12/2021,32.06,0.00,47.58,1.32,19.04
SILCOPHL,30/06/2022,39.12,0.00,8.99,0.00,51.89
SILVAPHL,30/06/2022,51.44,0.00,13.69,0.01,34.86
SIMTEX,30/06/2022,30.00,0.00,19.16,0.00,50.84
SINGERBD,31/12/2022,57.00,0.00,24.86,4.52,13.62
SINOBANGLA,30/06/2022,30.61,0.00,4.72,0.00,64.67
SJIBLPBOND,31/12/2020,0.00,0.00,0.00,0.00,0.00
SKICL,31/12/2022,60.00,0.00,6.78,0.00,33.22
SKTRIMS,30/06/2022,31.23,0.00,23.49,0.00,45.28
SONALIANSH,30/06/2022,50.78,0.00,5.63,0.00,43.59
SONALILIFE,31/12/2021,54.58,0.00,5.77,0.00,39.65
SONALIPAPR,30/06/2022,67.51,0.00,10.30,0.00,22.19
SONARBAINS,31/12/2021,36.78,0.00,6.82,0.00,56.40
SONARGAON,30/06/2022,44.55,0.00,1.80,0.00,53.65
SOUTHEASTB,31/12/2021,30.42,0.00,38.78,1.27,29.53
SPCERAMICS,30/06/2022,50.00,0.00,5.04,0.00,44.96
SPCL,30/06/2022,60.29,0.00,17.31,0.00,22.40
SQUARETEXT,30/06/2022,61.83,0.00,22.69,3.09,12.39
SQURPHARMA,30/06/2022,34.67,0.00,14.85,13.91,36.57
SSSTEEL,30/06/2022,31.79,0.00,11.14,0.00,57.07
More...,31/01/1970,0.00,0.00,0.00,0.00,0.00
STANCERAM,30/06/2022,30.50,0.00,3.97,0.00,65.53
STANDARINS,31/12/2021,65.32,0.00,13.52,0.00,21.16
STANDBANKL,31/12/2021,38.92,0.00,25.30,0.41,35.37
STYLECRAFT,30/06/2022,38.81,0.00,4.64,0.00,56.55
SUMITPOWER,30/06/2022,63.21,0.00,18.77,3.65,14.37
SUNLIFEINS,31/12/2021,40.80,0.00,25.06,0.00,34.14
TAKAFULINS,31/12/2021,52.34,0.00,16.24,0.08,31.34
TALLUSPIN,30/06/2022,30.00,0.00,20.30,0.16,49.54
TAMIJTEX,30/06/2022,61.23,0.00,0.30,0.00,38.47
More...,31/01/1970,0.00,0.00,0.00,0.00,0.00
TILIL,31/12/2021,0.00,0.00,0.00,0.00,0.00
TITASGAS,30/06/2022,0.00,75.00,15.40,0.47,9.13
TOSRIFA,30/06/2022,47.12,0.00,25.41,0.00,27.47
TRUSTB1MF,30/06/2022,1.51,0.00,32.12,0.00,66.37
TRUSTBANK,31/12/2021,60.00,0.00,16.09,0.16,23.75
TUNGHAI,30/06/2022,30.04,0.00,7.46,0.00,62.50
UCB,31/12/2021,34.64,0.81,20.61,0.82,43.12
UNILEVERCL,31/12/2022,86.96,0.00,8.82,0.29,3.93
UNIONBANK,31/12/2021,56.50,0.00,7.65,0.02,35.83
UNIONCAP,31/12/2021,35.20,0.00,16.47,0.00,48.33
UNIONINS,31/12/2021,46.54,0.00,8.50,0.00,44.96
UNIQUEHRL,30/06/2022,46.03,0.00,26.28,0.54,27.15
UNITEDFIN,31/12/2022,51.83,0.00,18.98,0.00,29.19
UNITEDINS,31/12/2022,48.61,0.00,30.50,0.00,20.89
UPGDCL,30/06/2022,90.00,0.00,7.37,0.03,2.60
USMANIAGL,30/06/2022,2.00,51.00,14.10,0.00,32.90
UTTARABANK,31/12/2022,30.56,0.00,32.18,0.78,36.48
UTTARAFIN,31/12/2019,48.34,0.00,34.96,3.91,12.79
VAMLBDMF1,30/09/2022,1.92,0.00,79.12,0.00,18.96
VAMLRBBF,31/12/2022,25.20,0.00,63.61,0.00,11.19
VFSTDL,30/06/2022,30.77,0.00,12.98,0.29,55.97
WALTONHIL,30/06/2022,99.03,0.00,0.37,0.10,0.50
WATACHEM,30/06/2022,36.41,0.00,36.30,0.00,27.29
WMSHIPYARD,30/06/2020,30.01,0.00,16.61,0.00,53.38
YPL,30/06/2021,30.52,0.00,14.01,0.00,55.47
ZAHEENSPIN,30/06/2022,31.10,0.00,31.56,0.00,37.34
ZAHINTEX,30/06/2022,36.94,0.00,22.02,0.00,41.04
ZEALBANGLA,30/06/2022,0.00,51.00,11.28,0.00,37.72
1JANATAMF,30/06/2022,25.00,0.00,34.50,0.00,40.50
1STPRIMFMF,31/12/2022,2.00,0.00,12.67,0.01,85.32
